beanmagnet@spamfellas.com,beanmagnet
communitythey@spamfellas.com,communitythey
swamme@silenceofthespam.com,swamme
musclemain@sharkfaces.com,musclemain
aroundfather@whaaaaaaaaaat.com,aroundfather
eitherwant@sociallymediocre.com,eitherwant
bluesink@sociallymediocre.com,bluesink
strucknear@spamsandwich.com,strucknear
ninetall@lilspam.com,ninetall
oilwhen@chewydonut.com,oilwhen
ndhurandher@deloitte.com,12345
representlikely@lilspam.com,representlikely
moodpale@lilspam.com,moodpale
rulerfour@sociallymediocre.com,rulerfour
shelterkind@mailbiscuit.com,shelterkind
marketseparate@sharkfaces.com,marketseparate
vastpopular@pizzajunk.com,vastpopular
trapguide@silenceofthespam.com,trapguide
solutionvertical@realquickemail.com,solutionvertical
unknownproblem@lilspam.com,unknownproblem
signhelpful@itsjiff.com,signhelpful
graduallyminute@mailbiscuit.com,graduallyminute
cupstairs@spamfellas.com,cupstairs
